[
    {
        "id" : 1,
        "name" : "세이노의 가르침",
        "author" : "세이노(SayNo)",
        "price" : "7,200원",
        "introduce" : "재야의 명저 《세이노의 가르침》 2023년판 정식 출간! 순자산 천억 원대 자산가, 세이노의 ‘요즘 생각’을 만나다",
        "checked" : false
    },
    {
        "id" : 2,
        "name" : "원씽(The One Thing) (60만부 기념 스페셜 에디션)",
        "author" : "게리 켈러 외",
        "price" : "16,800원",
        "introduce" : "자기계발 新고전! 2023 전 온라인 서점 결산 종합 베스트셀러! “이 책에는 ‘부’와 ‘성공’을 안겨줄 무기가 들어 있다!” 자청, 신사임당 등 인플루언서의 강력 추천 인생 책!",
        "checked" : false
    },
    {
        "id" : 3,
        "name" : "역행자(확장판)",
        "author" : "자청",
        "price" : "19,500원",
        "introduce" : "한층 더 강력한 치트키, 독해진 팩트 폭격! 50주 연속 베스트셀러·40만 독자의 삶을 바꾼『역행자』가 확장판으로 돌아왔다. “절대로 읽지 마라! 죽을 때까지 순리자로 살고 싶다면!”",
        "checked" : false
    },
    {
        "id" : 4,
        "name" : "도시와 그 불확실한 벽",
        "author" : "무라카미 하루키",
        "price" : "19,500원",
        "introduce" : "첫 발표 이후 43년, 마음에 품어왔던 소설을 마침내 완성하다. 하루키적 상상력의 모든 것이 담긴 결정적 세계! “이 작품에는 무언가 나에게 매우 중요한 요소가 포함되어 있다고, 처음부터 그렇게 느껴왔다.” _무라카미 하루키",
        "checked" : false
    },
    {
        "id" : 5,
        "name" : "불편한 편의점(벚꽃 에디션)",
        "author" : "김호연",
        "price" : "14,000원",
        "introduce" : "원 플러스 원의 기쁨, 삼각김밥 모양의 슬픔, 만 원에 네 번의 폭소가 터지는 곳! 힘겨운 시대를 살아가는 우리들에게 다가온 조금 특별한 편의점 이야기",
        "checked" : false
    },
    {
        "id" : 6,
        "name" : "도둑맞은 집중력",
        "author" : "요한 하리",
        "price" : "18,800원",
        "introduce" : "“우리는 어떻게 ‘나도 모르는 새’ 집중력을 도둑맞고 있을까” 3만 마일의 비행, 250명 전문가와의 인터뷰 뉴욕타임스 베스트셀러 작가의 전방위적인 탐사가 시작된다",
        "checked" : false
    },
    {
        "id" : 7,
        "name" : "김미경의 마흔 수업",
        "author" : "김미경",
        "price" : "18,000원",
        "introduce" : "160만 구독 MKTV 국민 멘토 김미경, ≪김미경의 리부트≫ 이후 3년 만의 단독 신작 출간 100세 시대에 ‘갓생 1세대’, 40대를 재해석하다. 마흔 이후 펼쳐질 진짜 인생을 나답게 사는 법",
        "checked" : false
    },
    {
        "id" : 8,
        "name" : "문과 남자의 과학 공부",
        "author" : "유시민",
        "price" : "17,500원",
        "introduce" : "과학 공부로 길어 올린 생명과 우주에 관한 진실, 인간과 사회를 이해하는 방법 “내 삶을 어떤 의미로 채울 것인가?” 지금 여기, 지식과 교양의 새로운 패러다임 과학의 사유와 인문학의 성찰이 함께하는 지적 여정 “문과도 과학적으로 생각할 수 있다!”",
        "checked" : false
    },
    {
        "id" : 9,
        "name" : "구의 증명",
        "author" : "최진영",
        "price" : "12,000원",
        "introduce" : "만약 네가 먼저 죽는다면 나는 너를 먹을 거야. 그래야 너 없이도 죽지 않고 살 수 있어.",
        "checked" : false
    },
    {
        "id" : 10,
        "name" : "사장학개론",
        "author" : "김승호",
        "price" : "25,000원",
        "introduce" : "이 책은 과거와 현재, 미래의 모든 사장을 위한 실무 지침서다",
        "checked" : false
    },
    {
        "id" : 11,
        "name" : "스즈메의 문단속",
        "author" : "신카이 마코토",
        "price" : "13,000원",
        "introduce" : "《너의 이름은。》《날씨의 아이》신카이 마코토 감독의 신작 원작소설",
        "checked" : false
    },
    {
        "id" : 12,
        "name" : "메리골드 마음 세탁소(30만 부 기념 한정 플라워 에디션)",
        "author" : "윤정은",
        "price" : "15,000원",
        "introduce" : "“마음의 얼룩을 마법처럼 지워드립니다” 한국형 힐링 판타지가 쏘아 올린 역대급 입소문 베스트셀러! 『메리골드 마음 세탁소』 30만 부 돌파 기념 ‘플라워 에디션’ 출간",
        "checked" : false
    },
    {
        "id" : 13,
        "name" : "돈의 속성(300쇄 리커버에디션)",
        "author" : "김승호",
        "price" : "17,800원",
        "introduce" : "2020ㆍ2021ㆍ2022ㆍ2023 4년 연속 최장기 베스트셀러 80만 깨어있는 독자들이 선택한 경제경영 필독서 『돈의 속성』",
        "checked" : false
    },
    {
        "id" : 14,
        "name" : "만일 내가 인생을 다시 산다면(35만 부 기념 스페셜 에디션)",
        "author" : "김혜남",
        "price" : "17,200원",
        "introduce" : "“하나의 문이 닫히면 또 하나의 문이 열린다. 그러니 더 이상 고민하지 말고 그냥 재미있게 살아라!”",
        "checked" : false
    },
    {
        "id" : 15,
        "name" : "트렌드 코리아 2024",
        "author" : "김난도 외",
        "price" : "19,000원",
        "introduce" : "DRAGON EYES 청룡을 타고 비상하는 2024를 기원하며!",
        "checked" : false
    },
    {
        "id" : 16,
        "name" : "기분이 태도가 되지 말자",
        "author" : "김수현",
        "price" : "16,000원",
        "introduce" : "기분을 다스려야 '나'를 다스릴 수 있다!",
        "checked" : false
    },
    {
        "id" : 17,
        "name" : "퓨처 셀프",
        "author" : "벤저민 하디",
        "price" : "19,800원",
        "introduce" : "‘미래의 나’를 적용하는 과학 분야 세계 최고의 전문가, 자기계발 분야 파워블로거이자 베스트셀러 작가의 신작 세계적인 동기부여 전문가, 토니 로빈스 강력 추천! 현재와 미래를 더 가치 있게 바꾸고 싶다면, ‘미래의 나’와 연결하라!",
        "checked" : false
    },
    {
        "id" : 18,
        "name" : "불편한 편의점 2(단풍 에디션)",
        "author" : "김호연",
        "price" : "14,000원",
        "introduce" : "70만 독자를 사로잡은 재미와 감동 『불편한 편의점』이 다시 열렸다! 한층 진득해진 이야기와 궁금증 가득한 캐릭터 고난의 시간을 통과하는 사람들이 다시 편의점에 모여든다!",
        "checked" : false
    },
    {
        "id" : 19,
        "name" : "당신은 결국 무엇이든 해내는 사람(10만 부 기념 특별 리커버 에디션)",
        "author" : "김상현",
        "price" : "17,000원",
        "introduce" : "『내가 죽으면 장례식에 누가 와줄까』 김상현 작가 3년만의 신작! 독자들에게 전하는 10만 부 기념 특별 리커버 에디션! “우리는 결국 무엇이든 해낼 수 있는 사람입니다. 당신의 내일을 응원합니다.”",
        "checked" : false
    },
    {
        "id" : 20,
        "name" : "해커스 토익 기출 VOCA(보카)",
        "author" : "David Cho",
        "price" : "12,900원",
        "introduce" : "주제별 연상암기로 토익 영단어 30일 완성",
        "checked" : false
    },
    {
        "id" : 21,
        "name" : "모든 삶은 흐른다(특별판 트레싱지 에디션)",
        "author" : "로랑스 드빌레르",
        "price" : "16,800원",
        "introduce" : "그 어느 때보다 본질에 집중해야 할 필요를 느끼는 요즘, 우리에게 '무한함'과 삶의 모습을 있는 그대로 보여주는 자연이 있다. 잔잔하면서도 거칠고, 당장 와 닿을 것 같으면서도 금세 멀어지는, 고요하되 강한 존재감을 드러내는 ‘바다’가 바로 그것이다.",
        "checked" : false
    },
    {
        "id" : 22,
        "name" : "흔한남매 13",
        "author" : "흔한남매",
        "price" : "14,500원",
        "introduce" : "흔한남매와 친구들이 펼치는 왁자지껄 웃음 가득한 일상!",
        "checked" : false
    },
    {
        "id" : 23,
        "name" : "데일 카네기 인간관계론(무삭제 완역본)",
        "author" : "데일 카네기",
        "price" : "11,500원",
        "introduce" : "사람의 마음을 사로잡는 가장 빠르고 확실한 방법! 데일 카네기가 전하는 성공하는 인간관계의 비밀",
        "checked" : false
    },
    {
        "id" : 24,
        "name" : "모순",
        "author" : "양귀자",
        "price" : "13,000원",
        "introduce" : "인생은 살아가면서 탐구하는 것!",
        "checked" : false
    },
    {
        "id" : 25,
        "name" : "물고기는 존재하지 않는다",
        "author" : "룰루 밀러",
        "price" : "17,000원",
        "introduce" : "‘방송계의 퓰리처상’ 피버디상 수상자 룰루 밀러의 사랑과 혼돈, 과학적 집착에 관한 경이롭고도 충격적인 데뷔작!",
        "checked" : false
    },
    {
        "id" : 26,
        "name" : "부자 아빠 가난한 아빠 1(20주년 특별 기념판)",
        "author" : "로버트 기요사키",
        "price" : "17,000원",
        "introduce" : "돈과 투자의 흔들리지 않는 기준이 되어 줄 지침들!",
        "checked" : false
    },
    {
        "id" : 27,
        "name" : "아버지의 해방일지",
        "author" : "정지아",
        "price" : "15,000원",
        "introduce" : "새삼스럽게 경탄스럽다! 압도적인 몰입감, 가슴 먹먹한 감동 정지아의 손끝에서 펼쳐지는 시대의 온기 미스터리 같은 한 남자가 헤쳐온 역사의 격랑 그 안에서 발견하는 끝끝내 강인한 우리의 인생",
        "checked" : false
    },
    {
        "id" : 28,
        "name" : "오늘 밤, 세계에서 이 사랑이 사라진다 해도",
        "author" : "이치조 미사키",
        "price" : "14,000원",
        "introduce" : "제26회 전격소설대상 ‘미디어워크스문고상’ 수상작 총 4,607편의 응모 작품 중 최고로 손꼽힌 걸작, 모든 심사위원이 눈물을 쏟은 압도적 작품!",
        "checked" : false
    },
    {
        "id" : 29,
        "name" : "내면소통",
        "author" : "김주환",
        "price" : "33,000원",
        "introduce" : "“나와 세상을 바꾸는 힘은 불굴의 의지가 아니라 실패를 두려워하지 않는 마음근력에서 나온다.” 《회복탄력성》 김주환 교수가 최신 뇌과학과 명상으로 안내하는 모든 두려움으로부터 완전히 자유로워지는 법",
        "checked" : false
    },
    {
        "id" : 30,
        "name" : "K 배터리 레볼루션",
        "author" : "박순혁",
        "price" : "19,000원",
        "introduce" : "알만한 이들은 모두가 기다리고 고대하던 박순혁 이사의 배터리 시장에 대한 단 한 권의 책! 정해진 부의 미래, 배터리 혁명은 이제 시작이다! “이 분의 말을 듣고 후회한 적이 없다!” 유튜브 1천 만 조회! 여의도를 뒤흔드는 최고의 전문가가 말하는 K 배터리에 대해 가장 정확한 분석과 전망을 담은 단 한 권의 책!",
        "checked" : false
    }
]