[
    {
        "id" : 1,
        "name" : "달러구트 꿈 백화점",
        "author" : "이미예",
        "price" : "13,800원",
        "introduce" : "잠들어야만 입장 가능한 꿈 백화점에서 일어나는 비밀스럽고도 기묘하며 가슴 뭉클한 판타지 소설",
        "checked" : false
    },
    {
        "id" : 2,
        "name" : "주린이가 가장 알고 싶은 최다질문 TOP 77(교보 단독 리커버)",
        "author" : "염승환",
        "price" : "18,000원",
        "introduce" : "‘염블리’ 염승환이 전하는 주식투자 시 필수지식과 태도, 경험을 담은 주식투자 바이블!",
        "checked" : false
    },
    {
        "id" : 3,
        "name" : "미드나잇 라이브러리",
        "author" : "매트 헤이그",
        "price" : "15,800원",
        "introduce" : "밤 12시, 죽기 바로 전에만 열리는 마법의 도서관에서 인생의 두 번째 기회를 드립니다",
        "checked" : false
    },
    {
        "id" : 4,
        "name" : "조국의 시간",
        "author" : "조국",
        "price" : "17,000원",
        "introduce" : "조국의 생생한 육성으로 듣는다. 그의 아픔과 진실, 말하지 못한 생각",
        "checked" : false
    },
    {
        "id" : 5,
        "name" : "소크라테스 익스프레스",
        "author" : "에릭 와이너",
        "price" : "18,000원",
        "introduce" : "“인생에서 길을 잃는 수많은 순간마다 이 철학자들의 목소리가 들려올 것이다”",
        "checked" : false
    },
    {
        "id" : 6,
        "name" : "공정하다는 착각",
        "author" : "마이클 샌델",
        "price" : "18,000원",
        "introduce" : "마이클 샌델, 10여 년 만에 던지는 충격적 화두! “지금 서 있는 그 자리, 정말 당신의 능력 때문인가?” 마이클 샌델 10여 년 만의 신간, 《공정하다는 착각》 출간! 샌델, 기울어진 사회구조 이면에 도사린 ‘능력주의의 덫’을 해체하다",
        "checked" : false
    },
    {
        "id" : 7,
        "name" : "2030 축의 전환(30만 부 기념 리커버)",
        "author" : "마우로 기옌",
        "price" : "18,000원",
        "introduce" : "전 세계 리더들을 충격에 빠뜨린 대전환의 기점을 향한 메가트렌드 미래 예측 패러다임을 선도하는 경영 석학의 경제학, 지정학, 사회학을 넘나드는 파격적 통찰!",
        "checked" : false
    },
    {
        "id" : 8,
        "name" : "달러구트 꿈 백화점 2",
        "author" : "이미예",
        "price" : "13,800원",
        "introduce" : "100만 독자를 사로잡은 《달러구트 꿈 백화점》, 그 두 번째 이야기",
        "checked" : false
    },
    {
        "id" : 9,
        "name" : "완전한 행복",
        "author" : "정유정",
        "price" : "15,800원",
        "introduce" : "다시, 정유정! 자기애의 늪에 빠진 삶은 얼마나 위태로운가, 압도적 서사 위 정교하고 서늘한 공포 우리가 기다린 바로 그, 정유정!",
        "checked" : false
    },
    {
        "id" : 10,
        "name" : "해커스 토익 기출 VOCA(보카)",
        "author" : "David Cho",
        "price" : "12,900원",
        "introduce" : "주제별 연상암기로 토익 영단어 30일 완성",
        "checked" : false
    },
    {
        "id" : 11,
        "name" : "아몬드",
        "author" : "손원평",
        "price" : "14,000원",
        "introduce" : "괴물인 내가 또 다른 괴물을 만났다!",
        "checked" : false
    },
    {
        "id" : 12,
        "name" : "어떻게 말해줘야 할까",
        "author" : "오은영",
        "price" : "17,500원",
        "introduce" : "채널A 〈요즘 육아 금쪽같은 내 새끼〉 SBS 〈우리 아이가 달라졌어요〉 국민 육아멘토 오은영 박사가 알려주는 ‘부모의 말’ 육아 현실을 200퍼센트 반영한 130가지 한마디",
        "checked" : false
    },
    {
        "id" : 13,
        "name" : "부자 아빠 가난한 아빠 1(20주년 특별 기념판)",
        "author" : "로버트 기요사키",
        "price" : "17,000원",
        "introduce" : "돈과 투자의 흔들리지 않는 기준이 되어 줄 지침들!",
        "checked" : false
    },
    {
        "id" : 14,
        "name" : "오늘 밤, 세계에서 이 사랑이 사라진다 해도",
        "author" : "이치조 미사키",
        "price" : "14,000원",
        "introduce" : "제26회 전격소설대상 ‘미디어워크스문고상’ 수상작 총 4,607편의 응모 작품 중 최고로 손꼽힌 걸작, 모든 심사위원이 눈물을 쏟은 압도적 작품!",
        "checked" : false
    },
    {
        "id" : 15,
        "name" : "돈의 속성(300쇄 리커버에디션)",
        "author" : "김승호",
        "price" : "17,800원",
        "introduce" : "2020ㆍ2021ㆍ2022ㆍ2023 4년 연속 최장기 베스트셀러 80만 깨어있는 독자들이 선택한 경제경영 필독서 『돈의 속성』",
        "checked" : false
    },
    {
        "id" : 16,
        "name" : "트렌드 코리아 2022",
        "author" : "김난도 외",
        "price" : "18,000원",
        "introduce" : "TIGER OR CAT 검은 호랑이처럼 힘차게 포효하는 2022가 되기를",
        "checked" : false
    },
    {
        "id" : 17,
        "name" : "질서 너머",
        "author" : "조던 피터슨",
        "price" : "17,800원",
        "introduce" : "피터슨이 돌아왔다! 전 세계 젊은이들을 열광시킨 ‘인생 법칙’의 완결판 “지금 시대는 조던 피터슨을 필요로 한다” (더글러스 머리, 『유럽의 죽음』 저자) 출간 즉시 미국, 캐나다, 영국, 호주 아마존 종합 베스트셀러",
        "checked" : false
    },
    {
        "id" : 18,
        "name" : "주식투자 무작정 따라하기(2020)",
        "author" : "윤재수",
        "price" : "18,000원",
        "introduce" : "투자의 기본 원칙은 잃지 않는 것이다!",
        "checked" : false
    },
    {
        "id" : 19,
        "name" : "작은 별이지만 빛나고 있어(20만 부 기념 한정판 에디션)",
        "author" : "소윤",
        "price" : "15,000원",
        "introduce" : "존재만으로도 충분한 너에게 해주고 싶은 말 20만 부 기념 한정 판매 '별이 빛나는 밤’ 에디션 “하늘 위 수억 개의 별들 중 너라는 별은 유일한 존재니까” 20만 독자들을 위한 '별이 빛나는 밤' 에디션",
        "checked" : false
    },
    {
        "id" : 20,
        "name" : "흔한남매 7",
        "author" : "흔한남매",
        "price" : "12,000원",
        "introduce" : "웃음과 공감을 자아내는 흔한남매의 활기찬 일상! 유튜브 236만 구독 돌파! 인기 크리에이터 흔한남매 흔한남매가 선사하는 유쾌한 우애와 순수한 웃음!",
        "checked" : false
    },
    {
        "id" : 21,
        "name" : "부의 시나리오",
        "author" : "오건영",
        "price" : "18,000원",
        "introduce" : "“인플레 공포 너머 다음 스텝을 준비하라! ” 금융천재 오건영의 똑똑한 투자 포트폴리오 불안한 금융시장, 중심을 잡아줄 친절하고 생생한 인사이트",
        "checked" : false
    },
    {
        "id" : 22,
        "name" : "기분이 태도가 되지 않게",
        "author" : "레몬심리",
        "price" : "17,000원",
        "introduce" : "집에서, 회사에서, 인간관계에서 후회가 사라지고 오해가 줄어드는 기분 사용법",
        "checked" : false
    },
    {
        "id" : 23,
        "name" : "돈의 심리학(30만 부 기념 스페셜 에디션)",
        "author" : "모건 하우절",
        "price" : "19,800원",
        "introduce" : "국내외 투자자들이 앞다퉈 추천하는 현대판 고전 《돈의 심리학》 30만 부 기념판 출간 기념 보너스 스토리 수록!",
        "checked" : false
    },
    {
        "id" : 24,
        "name" : "인간 실격",
        "author" : "다자이 오사무",
        "price" : "9,000원",
        "introduce" : "청춘의 한 시기를 통과 의례처럼 거쳐야 하는 일본 데카당스 문학의 대표작",
        "checked" : false
    },
    {
        "id" : 25,
        "name" : "공간의 미래",
        "author" : "유현준",
        "price" : "16,000원",
        "introduce" : "도시는 과연 해체될까? 집, 회사, 학교, 상업 시설, 공원… 우리가 생활하고 있는 공간의 가까운 미래를 엿보다",
        "checked" : false
    },
    {
        "id" : 26,
        "name" : "좋은 사람에게만 좋은 사람이면 돼",
        "author" : "김재식",
        "price" : "14,800원",
        "introduce" : "“함께하고 싶은 봄, 마음만은 늘 가까이” 내 소중한 사람들에게 선물하는 단 한 권의 관계 처방전",
        "checked" : false
    },
    {
        "id" : 27,
        "name" : "모래알만 한 진실이라도",
        "author" : "박완서",
        "price" : "17,000원",
        "introduce" : "2021 ‘올해의 책’ 선정 15만 부 판매 기념 한정판 ‘윤슬 에디션’ 출시",
        "checked" : false
    },
    {
        "id" : 28,
        "name" : "트렌드 코리아 2021",
        "author" : "김난도 외",
        "price" : "18,000원",
        "introduce" : "코로나가 앞당긴 미래, 더욱 빨라진 변화의 속도 바이러스發 경제, V-nomics(브이노믹스) 시대의 전략을 말하다",
        "checked" : false
    },
    {
        "id" : 29,
        "name" : "메타버스",
        "author" : "김상균",
        "price" : "17,000원",
        "introduce" : "“메타버스의 시대가 오고 있다(Metaverse is coming).”",
        "checked" : false
    },
    {
        "id" : 30,
        "name" : "불편한 편의점(벚꽃 에디션)",
        "author" : "김호연",
        "price" : "14,000원",
        "introduce" : "원 플러스 원의 기쁨, 삼각김밥 모양의 슬픔, 만 원에 네 번의 폭소가 터지는 곳! 힘겨운 시대를 살아가는 우리들에게 다가온 조금 특별한 편의점 이야기",
        "checked" : false
    }
]