[
    {
        "id" : 1,
        "name" : "불편한 편의점(벚꽃 에디션)",
        "author" : "김호연",
        "price" : "14,000원",
        "introduce" : "원 플러스 원의 기쁨, 삼각김밥 모양의 슬픔, 만 원에 네 번의 폭소가 터지는 곳! 힘겨운 시대를 살아가는 우리들에게 다가온 조금 특별한 편의점 이야기",
        "checked" : false
    },
    {
        "id" : 2,
        "name" : "역행자",
        "author" : "자청",
        "price" : "17,500원",
        "introduce" : "대부분의 사람들은 유전자와 본성의 명령을 그대로 따르기 때문에 평범함을 벗어날 수 없다. 하지만 정작 자신은 이를 모른 채 ‘나는 달라’ 하는 자의식에 사로잡혀서 무한 합리화에 빠져 살아간다.",
        "checked" : false
    },
    {
        "id" : 3,
        "name" : "하얼빈",
        "author" : "김훈",
        "price" : "16,000원",
        "introduce" : "『칼의 노래』를 넘어서는 깊이와 감동. 김훈이 반드시 써내야만 했던 일생의 과업",
        "checked" : false
    },
    {
        "id" : 4,
        "name" : "그리움은 아무에게나 생기지 않습니다",
        "author" : "박근혜",
        "price" : "15,000원",
        "introduce" : "서울 구치소에서의 생활이 어느덧 4년 9개월로 접어들고 있습니다.",
        "checked" : false
    },
    {
        "id" : 5,
        "name" : "작별인사",
        "author" : "김영하",
        "price" : "14,000원",
        "introduce" : "누구도 도와줄 수 없는 상황, 혼자 헤쳐나가야 한다. 지켜야 할 약속, 붙잡고 싶은 온기",
        "checked" : false
    },
    {
        "id" : 6,
        "name" : "부자 아빠 가난한 아빠 1(20주년 특별 기념판)",
        "author" : "로버트 기요사키",
        "price" : "17,000원",
        "introduce" : "돈과 투자의 흔들리지 않는 기준이 되어 줄 지침들!",
        "checked" : false
    },
    {
        "id" : 7,
        "name" : "달러구트 꿈 백화점",
        "author" : "이미예",
        "price" : "13,800원",
        "introduce" : "잠들어야만 입장 가능한 꿈 백화점에서 일어나는 비밀스럽고도 기묘하며 가슴 뭉클한 판타지 소설",
        "checked" : false
    },
    {
        "id" : 8,
        "name" : "이어령의 마지막 수업",
        "author" : "김지수 외",
        "price" : "16,500원",
        "introduce" : "시대의 지성 이어령과 ‘인터스텔라’ 김지수의 ‘라스트 인터뷰’ 삶과 죽음에 대한 마지막 인생 수업",
        "checked" : false
    },
    {
        "id" : 9,
        "name" : "물고기는 존재하지 않는다",
        "author" : "룰루 밀러",
        "price" : "17,000원",
        "introduce" : "‘방송계의 퓰리처상’ 피버디상 수상자 룰루 밀러의 사랑과 혼돈, 과학적 집착에 관한 경이롭고도 충격적인 데뷔작!",
        "checked" : false
    },
    {
        "id" : 10,
        "name" : "어서 오세요, 휴남동 서점입니다",
        "author" : "황보름",
        "price" : "15,000원",
        "introduce" : "“받아들여지고 있다는 느낌이 이렇게 슬프고도 좋을 줄이야!” 브런치북 전자책 출판 프로젝트 수상작! 독자 요청 쇄도로 전격 종이책 출간",
        "checked" : false
    },
    {
        "id" : 11,
        "name" : "세상의 마지막 기차역(리커버 에디션)",
        "author" : "무라세 다케시",
        "price" : "14,000원",
        "introduce" : "2022년 전 서점 종합 베스트셀러 / 외국 소설 분야 1위 / 우리를 뜨겁게 울린 화제의 소설 ‘세상의 마지막 기차역’ 20만 부 기념 리커버 에디션 전격 출간!",
        "checked" : false
    },
    {
        "id" : 12,
        "name" : "달러구트 꿈 백화점 2",
        "author" : "이미예",
        "price" : "13,800원",
        "introduce" : "100만 독자를 사로잡은 《달러구트 꿈 백화점》, 그 두 번째 이야기",
        "checked" : false
    },
    {
        "id" : 13,
        "name" : "웰씽킹(WEALTHINKING)(100쇄 돌파 기념 에디션)",
        "author" : "켈리 최",
        "price" : "18,000원",
        "introduce" : "10억 빚더미를 연매출 6,000억과 맞바꾼 부의 원리 “왜 누구는 부자로, 누구는 빈자로 사는가? 그 모든 비밀은 웰씽킹에 있다!”",
        "checked" : false
    },
    {
        "id" : 14,
        "name" : "기분을 관리하면 인생이 관리된다",
        "author" : "김다슬",
        "price" : "17,600원",
        "introduce" : "하루를 결정하는 건 그날의 기분이다",
        "checked" : false
    },
    {
        "id" : 15,
        "name" : "불편한 편의점 2(단풍 에디션)",
        "author" : "김호연",
        "price" : "14,000원",
        "introduce" : "70만 독자를 사로잡은 재미와 감동 『불편한 편의점』이 다시 열렸다! 한층 진득해진 이야기와 궁금증 가득한 캐릭터 고난의 시간을 통과하는 사람들이 다시 편의점에 모여든다!",
        "checked" : false
    },
    {
        "id" : 16,
        "name" : "트렌드 코리아 2023",
        "author" : "김난도 외",
        "price" : "19,000원",
        "introduce" : "RABBIT JUMP 더 높은 도약을 준비하는 검은 토끼의 해",
        "checked" : false
    },
    {
        "id" : 17,
        "name" : "마음의 법칙",
        "author" : "폴커 키츠 외",
        "price" : "16,000원",
        "introduce" : "아마존 베스트셀러 심리학 분야 60주 연속 1위! “마음은 어떻게 작동하는가?”",
        "checked" : false
    },
    {
        "id" : 18,
        "name" : "해커스 토익 기출 VOCA(보카)",
        "author" : "David Cho",
        "price" : "12,900원",
        "introduce" : "주제별 연상암기로 토익 영단어 30일 완성",
        "checked" : false
    },
    {
        "id" : 19,
        "name" : "오은영의 화해",
        "author" : "오은영",
        "price" : "16,000원",
        "introduce" : "외면하고 싶었던 마음속 고통과 직면해야 하는 당신에게 오은영 박사가 건네는 따뜻한 위로와 명쾌한 조언",
        "checked" : false
    },
    {
        "id" : 20,
        "name" : "데일 카네기 인간관계론(무삭제 완역본)",
        "author" : "데일 카네기",
        "price" : "11,500원",
        "introduce" : "사람의 마음을 사로잡는 가장 빠르고 확실한 방법! 데일 카네기가 전하는 성공하는 인간관계의 비밀",
        "checked" : false
    },
    {
        "id" : 21,
        "name" : "파친코 1",
        "author" : "이민진",
        "price" : "15,800원",
        "introduce" : "“역사는 우리를 저버렸지만, 그래도 상관없다” 역사에 외면당한 재일조선인 가족의 대서사극 전 세계를 감동시킨 이민진 작가 화제작 《파친코》 새롭게 출간!",
        "checked" : false
    },
    {
        "id" : 22,
        "name" : "미드나잇 라이브러리",
        "author" : "매트 헤이그",
        "price" : "15,800원",
        "introduce" : "밤 12시, 죽기 바로 전에만 열리는 마법의 도서관에서 인생의 두 번째 기회를 드립니다",
        "checked" : false
    },
    {
        "id" : 23,
        "name" : "돈의 속성(300쇄 리커버에디션)",
        "author" : "김승호",
        "price" : "17,800원",
        "introduce" : "2020ㆍ2021ㆍ2022ㆍ2023 4년 연속 최장기 베스트셀러 80만 깨어있는 독자들이 선택한 경제경영 필독서 『돈의 속성』",
        "checked" : false
    },
    {
        "id" : 24,
        "name" : "흔한남매 10",
        "author" : "흔한남매",
        "price" : "13,500원",
        "introduce" : "웃음과 공감을 자아내는 흔한남매의 활기찬 일상! 유튜브 236만 구독 돌파! 인기 크리에이터 흔한남매 흔한남매가 선사하는 유쾌한 우애와 순수한 웃음!",
        "checked" : false
    },
    {
        "id" : 25,
        "name" : "오십에 읽는 논어(20만 부 기념 골드 리커버 에디션)",
        "author" : "최종엽",
        "price" : "16,000원",
        "introduce" : "★ 2021·2022·2023 3년 연속 최장기 베스트셀러 ★ 대한민국에 《논어》와 고전 열풍을 일으킨 인문 교양서 ★ 《오십에 읽는 논어》 20만 부 기념 골드 에디션 리커버 출간",
        "checked" : false
    },
    {
        "id" : 26,
        "name" : "부의 추월차선(10주년 스페셜 에디션)",
        "author" : "엠제이 드마코",
        "price" : "17,500원",
        "introduce" : "미국 아마존 금융ㆍ사업 분야 1위 국내 유명서점 10년간 종합 베스트셀러 가장 빠르게 부자 되는 새로운 공식을 제시해 큰 반향 불러일으킨 책",
        "checked" : false
    },
    {
        "id" : 27,
        "name" : "나는 당신이 행복했으면 좋겠습니다",
        "author" : "박찬위",
        "price" : "13,800원",
        "introduce" : "삶, 사람, 사랑 그 속에서 행복을 쟁취하기 위한 조언",
        "checked" : false
    },
    {
        "id" : 28,
        "name" : "데일 카네기 자기관리론(국내최초 초판 무삭제 완역본)",
        "author" : "데일 카네기",
        "price" : "11,500원",
        "introduce" : "『인간관계론』과 짝을 이루는 데일 카네기 최고의 역작 걱정이 내 인생을 망치기 전에 반드시 읽어야 할 책! 워런 버핏이 직접 적용한, 걱정 없는 인생의 핵심 원리 세계 최초의 ‘걱정 극복 실험실’에서 탄생한 마법의 공식 수록!",
        "checked" : false
    },
    {
        "id" : 29,
        "name" : "원씽(The One Thing)(60만 부 기념 스페셜 에디션)",
        "author" : "게리 켈러 외",
        "price" : "16,800원",
        "introduce" : "“이 책에는 ‘부’와 ‘성공’을 안겨줄 무기가 들어 있다!” 자청, 신사임당 등 인플루언서의 강력 추천 인생 책!",
        "checked" : false
    },
    {
        "id" : 30,
        "name" : "운명을 바꾸는 부동산 투자 수업: 기초편",
        "author" : "정태익",
        "price" : "16,800원",
        "introduce" : "“부동산 투자가 당신의 운명을 바꾼다” 평범한 월급쟁이를 돈 버는 투자자로! ‘부읽남’의 절대 실패하지 않는 부동산 투자 바이블",
        "checked" : false
    }
]