[
    {
        "name" : "Introduce",
        "src" : "image/menu1.jpg",
        "link" : "introduce"
    },
    {
        "name" : "Best Sellers",
        "src" :"image/menu2.jpg",
        "link" : "bestSellers"
    },
    {
        "name" : "Domestic Books",
        "src" :"image/menu3.jpg",
        "link" : "domesticBooks"
    },
    {
        "name" : "Foreign Books",
        "src" :"image/menu4.jpg",
        "link" : "foreignBooks"
    },
    {
        "name" : "Hot New Product",
        "src" :"image/menu5.jpg",
        "link" : "hotNewProduct"
    }
]